id;nombre;apellido_paterno;apellido_materno;fecha_nacimiento;identificacion_ocr;clave_elector;telefono;celular;correo_electronico
1;Ville Account;Mountains;Industrial compressing Kids;clear-thinking Table;Borders JSON analyzing;Gorgeous Knolls copy;transmitting success Tala;Direct visualize USB;synthesizing Buckinghamshire contingency
2;Checking Rhode;Marketing Turkey matrix;Auto Consultant;initiative input District;systems initiative;Up-sized Table;fresh-thinking;mesh;Health
3;Frozen navigating;Oregon Internal facilitate;AGP Brazil;New;quantify Chair HTTP;withdrawal;Industrial Handmade;Berkshire hack Escudo;Refined
4;bypassing Electronics Practical;Soft IB;orange;optimizing invoice;Nevada navigating;Operations Horizontal;maroon;Taiwan synthesizing;orchestrate
5;Program;Market;Cambridgeshire;Buckinghamshire hacking Rubber;USB;port;robust Buckinghamshire;ivory Alaska;Function-based Steel array
6;implementation;Australian;orchestrate;Baby Texas;Dominican Multi-layered Viaduct;e-tailers;Colombia generate;digital;THX intermediate Berkshire
7;Upgradable Forge;connect;Savings middleware Sports;Montserrat Fantastic Market;Moldova hack circuit;SCSI Colorado Producer;Savings Leu;non-volatile THX invoice;Cotton Applications
8;Gorgeous;database Slovenia Montenegro;Meadow Bacon transmit;Tennessee Planner Developer;e-business;standardization;Nepalese;Plastic connect Fantastic;Division tangible enable
9;invoice Yuan;Adaptive;parse HDD;withdrawal Account;wireless;Green Producer;syndicate;Tasty relationships Shoes;bypass maximize
10;Pound Internal Facilitator;Awesome alarm;hack;silver Program Horizontal;leverage grey navigating;invoice;eyeballs Malaysian;Fish optical Walk;Arkansas Small
